transaction_id,bill_id,date,store_id,store_location,customer_id,customer_segment,product_id,product_category,product_name,quantity,unit_price,payment_method,discount_applied,channel
TXN-2025-0001,BILL-1001,2025-01-21,S1,Downtown,C004,Loyal,P202,Snacks,Chocolate Bar,2,2.5,Credit Card,0.0,In-store
TXN-2025-0002,BILL-1001,2025-01-29,S3,Suburban,C012,Loyal,P301,Personal Care,Shampoo 250ml,1,4.0,Cash,0.0,In-store
TXN-2025-0003,BILL-1001,2025-01-01,S3,Suburban,C026,Loyal,P402,Groceries,Wheat Flour 2kg,5,5.0,Debit Card,0.0,In-store
TXN-2025-0004,BILL-1002,2025-01-28,S1,Downtown,C098,Regular,P301,Personal Care,Shampoo 250ml,3,4.0,UPI,0.0,In-store
TXN-2025-0005,BILL-1002,2025-01-04,S1,Downtown,C049,Regular,P203,Snacks,Cookies Pack,3,3.0,UPI,0.0,In-store
TXN-2025-0006,BILL-1002,2025-01-30,S2,Uptown,C011,Loyal,P202,Snacks,Chocolate Bar,5,2.5,UPI,0.0,In-store
TXN-2025-0007,BILL-1003,2025-01-08,S2,Uptown,C011,Regular,P102,Beverages,Green Tea,4,2.8,UPI,0.0,Online
TXN-2025-0008,BILL-1003,2025-01-12,S2,Uptown,C027,Loyal,P202,Snacks,Chocolate Bar,1,2.5,Credit Card,0.76,In-store
TXN-2025-0009,BILL-1003,2025-01-21,S3,Suburban,C072,Regular,P402,Groceries,Wheat Flour 2kg,3,5.0,Cash,0.0,In-store
TXN-2025-0010,BILL-1003,2025-01-13,S2,Uptown,C009,Regular,P401,Groceries,Rice 5kg,3,8.5,Credit Card,0.0,Online
TXN-2025-0011,BILL-1003,2025-01-15,S1,Downtown,C034,Regular,P201,Snacks,Potato Chips,5,1.2,UPI,0.0,Online
TXN-2025-0012,BILL-1003,2025-01-08,S1,Downtown,C066,New,P102,Beverages,Green Tea,1,2.8,Cash,0.0,In-store
TXN-2025-0013,BILL-1003,2025-01-14,S3,Suburban,C009,New,P301,Personal Care,Shampoo 250ml,5,4.0,Debit Card,0.0,Online
TXN-2025-0014,BILL-1003,2025-01-01,S3,Suburban,C093,Regular,P402,Groceries,Wheat Flour 2kg,5,5.0,UPI,0.87,Online
TXN-2025-0015,BILL-1003,2025-01-31,S3,Suburban,C093,New,P303,Personal Care,Toothpaste,2,2.2,Cash,0.0,Online
TXN-2025-0016,BILL-1003,2025-01-07,S1,Downtown,C048,Regular,P303,Personal Care,Toothpaste,5,2.2,Cash,0.0,Online
TXN-2025-0017,BILL-1004,2025-01-12,S2,Uptown,C031,Regular,P201,Snacks,Potato Chips,5,1.2,Cash,0.0,In-store
TXN-2025-0018,BILL-1004,2025-01-25,S3,Suburban,C099,Regular,P103,Beverages,Cola 2L,4,4.0,Credit Card,0.0,Online
TXN-2025-0019,BILL-1004,2025-01-31,S1,Downtown,C070,Loyal,P201,Snacks,Potato Chips,3,1.2,Debit Card,0.0,Online
TXN-2025-0020,BILL-1004,2025-01-04,S1,Downtown,C029,Regular,P203,Snacks,Cookies Pack,1,3.0,Credit Card,1.42,In-store
TXN-2025-0021,BILL-1005,2025-01-03,S1,Downtown,C043,Regular,P303,Personal Care,Toothpaste,2,2.2,UPI,0.0,Online
TXN-2025-0022,BILL-1006,2025-01-30,S3,Suburban,C074,New,P201,Snacks,Potato Chips,4,1.2,Debit Card,1.32,In-store
TXN-2025-0023,BILL-1006,2025-01-14,S2,Uptown,C094,Regular,P402,Groceries,Wheat Flour 2kg,1,5.0,Cash,0.0,Online
TXN-2025-0024,BILL-1006,2025-01-04,S1,Downtown,C025,Regular,P303,Personal Care,Toothpaste,4,2.2,Credit Card,0.93,Online
TXN-2025-0025,BILL-1006,2025-01-03,S2,Uptown,C071,Regular,P101,Beverages,Orange Juice 1L,5,3.5,Cash,0.0,In-store
TXN-2025-0026,BILL-1006,2025-01-06,S2,Uptown,C063,New,P201,Snacks,Potato Chips,4,1.2,Cash,0.0,In-store
TXN-2025-0027,BILL-1006,2025-01-09,S2,Uptown,C037,New,P303,Personal Care,Toothpaste,4,2.2,Credit Card,0.0,In-store
TXN-2025-0028,BILL-1006,2025-01-19,S3,Suburban,C070,Regular,P203,Snacks,Cookies Pack,1,3.0,Cash,0.0,Online
TXN-2025-0029,BILL-1006,2025-01-06,S1,Downtown,C066,Regular,P103,Beverages,Cola 2L,1,4.0,Cash,0.0,In-store
TXN-2025-0030,BILL-1006,2025-01-19,S1,Downtown,C075,Loyal,P101,Beverages,Orange Juice 1L,5,3.5,Cash,0.0,Online
TXN-2025-0031,BILL-1006,2025-01-11,S2,Uptown,C027,Loyal,P203,Snacks,Cookies Pack,2,3.0,UPI,1.29,Online
TXN-2025-0032,BILL-1006,2025-01-30,S1,Downtown,C002,New,P401,Groceries,Rice 5kg,5,8.5,Cash,0.0,In-store
TXN-2025-0033,BILL-1006,2025-01-05,S2,Uptown,C009,Regular,P203,Snacks,Cookies Pack,3,3.0,Credit Card,0.0,Online
TXN-2025-0034,BILL-1006,2025-01-20,S3,Suburban,C068,Regular,P402,Groceries,Wheat Flour 2kg,5,5.0,UPI,0.0,In-store
TXN-2025-0035,BILL-1007,2025-01-04,S1,Downtown,C096,Loyal,P103,Beverages,Cola 2L,3,4.0,UPI,0.0,In-store
TXN-2025-0036,BILL-1008,2025-01-21,S2,Uptown,C065,New,P202,Snacks,Chocolate Bar,1,2.5,Cash,0.0,Online
TXN-2025-0037,BILL-1009,2025-01-11,S1,Downtown,C082,New,P103,Beverages,Cola 2L,4,4.0,Debit Card,1.89,In-store
TXN-2025-0038,BILL-1009,2025-01-05,S3,Suburban,C005,New,P401,Groceries,Rice 5kg,5,8.5,Credit Card,0.62,Online
TXN-2025-0039,BILL-1009,2025-01-26,S1,Downtown,C046,Regular,P402,Groceries,Wheat Flour 2kg,2,5.0,Cash,0.0,Online
TXN-2025-0040,BILL-1009,2025-01-14,S3,Suburban,C096,Regular,P201,Snacks,Potato Chips,2,1.2,Credit Card,1.47,Online
TXN-2025-0041,BILL-1009,2025-01-30,S2,Uptown,C086,Loyal,P201,Snacks,Potato Chips,3,1.2,Credit Card,0.0,In-store
TXN-2025-0042,BILL-1010,2025-01-16,S1,Downtown,C026,New,P203,Snacks,Cookies Pack,3,3.0,Credit Card,0.39,In-store
TXN-2025-0043,BILL-1010,2025-01-28,S1,Downtown,C099,New,P203,Snacks,Cookies Pack,5,3.0,Debit Card,0.0,Online
TXN-2025-0044,BILL-1011,2025-01-09,S1,Downtown,C075,New,P101,Beverages,Orange Juice 1L,1,3.5,Debit Card,0.0,Online
TXN-2025-0045,BILL-1011,2025-01-20,S3,Suburban,C015,New,P401,Groceries,Rice 5kg,2,8.5,UPI,0.0,In-store
TXN-2025-0046,BILL-1012,2025-01-30,S3,Suburban,C088,Loyal,P402,Groceries,Wheat Flour 2kg,2,5.0,UPI,1.33,Online
TXN-2025-0047,BILL-1012,2025-01-11,S3,Suburban,C016,Loyal,P202,Snacks,Chocolate Bar,5,2.5,UPI,0.0,Online
TXN-2025-0048,BILL-1012,2025-01-18,S1,Downtown,C025,New,P402,Groceries,Wheat Flour 2kg,4,5.0,Credit Card,0.0,Online
TXN-2025-0049,BILL-1012,2025-01-10,S2,Uptown,C027,New,P401,Groceries,Rice 5kg,5,8.5,UPI,0.0,Online
TXN-2025-0050,BILL-1012,2025-01-17,S2,Uptown,C095,Regular,P402,Groceries,Wheat Flour 2kg,1,5.0,UPI,1.9,Online
TXN-2025-0051,BILL-1013,2025-01-10,S1,Downtown,C026,Regular,P101,Beverages,Orange Juice 1L,1,3.5,Credit Card,0.0,Online
TXN-2025-0052,BILL-1013,2025-01-15,S2,Uptown,C081,Loyal,P201,Snacks,Potato Chips,4,1.2,Debit Card,0.0,Online
TXN-2025-0053,BILL-1013,2025-01-01,S1,Downtown,C100,New,P201,Snacks,Potato Chips,2,1.2,Debit Card,0.0,In-store
TXN-2025-0054,BILL-1013,2025-01-04,S2,Uptown,C018,New,P402,Groceries,Wheat Flour 2kg,5,5.0,UPI,0.0,Online
TXN-2025-0055,BILL-1013,2025-01-17,S2,Uptown,C071,New,P103,Beverages,Cola 2L,4,4.0,Debit Card,0.0,Online
TXN-2025-0056,BILL-1013,2025-01-09,S3,Suburban,C063,Loyal,P201,Snacks,Potato Chips,3,1.2,Debit Card,0.0,In-store
TXN-2025-0057,BILL-1014,2025-01-11,S2,Uptown,C070,Regular,P103,Beverages,Cola 2L,2,4.0,Credit Card,0.0,Online
TXN-2025-0058,BILL-1014,2025-01-03,S2,Uptown,C053,New,P303,Personal Care,Toothpaste,4,2.2,Debit Card,0.0,In-store
TXN-2025-0059,BILL-1014,2025-01-29,S3,Suburban,C090,Regular,P401,Groceries,Rice 5kg,4,8.5,Debit Card,0.0,In-store
TXN-2025-0060,BILL-1015,2025-01-13,S2,Uptown,C069,Loyal,P303,Personal Care,Toothpaste,5,2.2,Credit Card,0.0,Online
TXN-2025-0061,BILL-1015,2025-01-01,S2,Uptown,C044,Loyal,P402,Groceries,Wheat Flour 2kg,4,5.0,Credit Card,0.0,Online
TXN-2025-0062,BILL-1015,2025-01-18,S1,Downtown,C051,Loyal,P401,Groceries,Rice 5kg,1,8.5,Cash,0.92,Online
TXN-2025-0063,BILL-1016,2025-01-13,S2,Uptown,C028,New,P203,Snacks,Cookies Pack,3,3.0,Debit Card,0.0,Online
TXN-2025-0064,BILL-1016,2025-01-09,S1,Downtown,C061,Regular,P303,Personal Care,Toothpaste,1,2.2,UPI,0.0,In-store
TXN-2025-0065,BILL-1016,2025-01-21,S1,Downtown,C097,Regular,P201,Snacks,Potato Chips,2,1.2,Cash,0.0,In-store
TXN-2025-0066,BILL-1016,2025-01-04,S3,Suburban,C028,New,P202,Snacks,Chocolate Bar,3,2.5,Credit Card,0.0,In-store
TXN-2025-0067,BILL-1017,2025-01-10,S1,Downtown,C075,Regular,P202,Snacks,Chocolate Bar,5,2.5,Debit Card,0.0,Online
TXN-2025-0068,BILL-1018,2025-01-19,S3,Suburban,C081,Regular,P102,Beverages,Green Tea,3,2.8,Cash,0.0,In-store
TXN-2025-0069,BILL-1018,2025-01-12,S1,Downtown,C065,Loyal,P203,Snacks,Cookies Pack,1,3.0,Debit Card,1.92,Online
TXN-2025-0070,BILL-1018,2025-01-27,S2,Uptown,C091,Regular,P301,Personal Care,Shampoo 250ml,2,4.0,UPI,0.0,Online
TXN-2025-0071,BILL-1018,2025-01-19,S2,Uptown,C042,Regular,P102,Beverages,Green Tea,3,2.8,Debit Card,0.0,In-store
TXN-2025-0072,BILL-1018,2025-01-22,S2,Uptown,C044,Regular,P302,Personal Care,Soap Bar,3,1.5,Credit Card,0.0,Online
TXN-2025-0073,BILL-1018,2025-01-11,S2,Uptown,C077,Loyal,P202,Snacks,Chocolate Bar,5,2.5,Cash,1.44,In-store
TXN-2025-0074,BILL-1018,2025-01-25,S1,Downtown,C089,New,P402,Groceries,Wheat Flour 2kg,4,5.0,Debit Card,0.44,In-store
TXN-2025-0075,BILL-1018,2025-01-10,S3,Suburban,C075,New,P302,Personal Care,Soap Bar,5,1.5,UPI,0.0,Online
TXN-2025-0076,BILL-1018,2025-01-12,S3,Suburban,C059,New,P202,Snacks,Chocolate Bar,3,2.5,Credit Card,0.0,In-store
TXN-2025-0077,BILL-1018,2025-01-24,S3,Suburban,C098,Loyal,P103,Beverages,Cola 2L,2,4.0,Credit Card,0.0,Online
TXN-2025-0078,BILL-1018,2025-01-25,S3,Suburban,C077,New,P102,Beverages,Green Tea,2,2.8,UPI,0.0,In-store
TXN-2025-0079,BILL-1018,2025-01-23,S3,Suburban,C017,New,P101,Beverages,Orange Juice 1L,1,3.5,UPI,0.0,In-store
TXN-2025-0080,BILL-1018,2025-01-04,S1,Downtown,C074,New,P302,Personal Care,Soap Bar,4,1.5,Debit Card,0.1,Online
TXN-2025-0081,BILL-1018,2025-01-16,S1,Downtown,C009,New,P302,Personal Care,Soap Bar,1,1.5,Cash,1.13,In-store
TXN-2025-0082,BILL-1018,2025-01-08,S1,Downtown,C072,New,P401,Groceries,Rice 5kg,5,8.5,Credit Card,0.0,Online
TXN-2025-0083,BILL-1018,2025-01-28,S3,Suburban,C055,New,P401,Groceries,Rice 5kg,5,8.5,Cash,0.0,In-store
TXN-2025-0084,BILL-1019,2025-01-07,S2,Uptown,C085,Regular,P103,Beverages,Cola 2L,2,4.0,Credit Card,0.82,In-store
TXN-2025-0085,BILL-1019,2025-01-16,S2,Uptown,C005,Regular,P202,Snacks,Chocolate Bar,3,2.5,Debit Card,0.0,In-store
TXN-2025-0086,BILL-1019,2025-01-26,S3,Suburban,C076,Loyal,P201,Snacks,Potato Chips,4,1.2,Cash,0.0,In-store
TXN-2025-0087,BILL-1019,2025-01-27,S1,Downtown,C010,Regular,P103,Beverages,Cola 2L,3,4.0,UPI,1.38,Online
TXN-2025-0088,BILL-1019,2025-01-31,S2,Uptown,C065,Loyal,P302,Personal Care,Soap Bar,4,1.5,Cash,0.0,In-store
TXN-2025-0089,BILL-1019,2025-01-20,S2,Uptown,C004,Regular,P201,Snacks,Potato Chips,5,1.2,Cash,0.0,Online
TXN-2025-0090,BILL-1019,2025-01-06,S2,Uptown,C067,Loyal,P302,Personal Care,Soap Bar,3,1.5,Credit Card,0.0,Online
TXN-2025-0091,BILL-1019,2025-01-03,S2,Uptown,C045,New,P203,Snacks,Cookies Pack,3,3.0,Cash,0.0,In-store
TXN-2025-0092,BILL-1019,2025-01-10,S3,Suburban,C052,Loyal,P101,Beverages,Orange Juice 1L,4,3.5,Cash,0.0,Online
TXN-2025-0093,BILL-1020,2025-01-25,S2,Uptown,C066,Regular,P402,Groceries,Wheat Flour 2kg,5,5.0,Debit Card,1.04,Online
TXN-2025-0094,BILL-1020,2025-01-16,S3,Suburban,C057,Regular,P201,Snacks,Potato Chips,3,1.2,Credit Card,0.0,Online
TXN-2025-0095,BILL-1020,2025-01-04,S1,Downtown,C081,Loyal,P201,Snacks,Potato Chips,2,1.2,UPI,0.0,In-store
TXN-2025-0096,BILL-1021,2025-01-27,S1,Downtown,C060,Regular,P402,Groceries,Wheat Flour 2kg,2,5.0,Debit Card,0.0,Online
TXN-2025-0097,BILL-1022,2025-01-27,S2,Uptown,C061,Regular,P302,Personal Care,Soap Bar,5,1.5,Credit Card,1.2,Online
TXN-2025-0098,BILL-1022,2025-01-05,S1,Downtown,C036,New,P203,Snacks,Cookies Pack,5,3.0,UPI,0.0,In-store
TXN-2025-0099,BILL-1023,2025-01-19,S3,Suburban,C085,New,P103,Beverages,Cola 2L,4,4.0,Debit Card,0.0,Online
TXN-2025-0100,BILL-1023,2025-01-13,S2,Uptown,C042,Regular,P201,Snacks,Potato Chips,5,1.2,Debit Card,0.0,In-store
TXN-2025-0101,BILL-1023,2025-01-11,S3,Suburban,C061,Loyal,P301,Personal Care,Shampoo 250ml,4,4.0,Credit Card,0.0,Online
TXN-2025-0102,BILL-1024,2025-01-31,S3,Suburban,C043,Regular,P302,Personal Care,Soap Bar,1,1.5,Debit Card,0.0,In-store
TXN-2025-0103,BILL-1024,2025-01-21,S1,Downtown,C010,New,P202,Snacks,Chocolate Bar,3,2.5,Debit Card,0.0,In-store
TXN-2025-0104,BILL-1024,2025-01-28,S3,Suburban,C049,New,P402,Groceries,Wheat Flour 2kg,4,5.0,Cash,0.0,In-store
TXN-2025-0105,BILL-1024,2025-01-10,S1,Downtown,C096,Regular,P301,Personal Care,Shampoo 250ml,1,4.0,Cash,0.6,Online
TXN-2025-0106,BILL-1025,2025-01-11,S1,Downtown,C038,New,P203,Snacks,Cookies Pack,4,3.0,Credit Card,0.0,In-store
TXN-2025-0107,BILL-1025,2025-01-26,S1,Downtown,C022,Regular,P102,Beverages,Green Tea,5,2.8,Debit Card,0.0,In-store
TXN-2025-0108,BILL-1025,2025-01-08,S2,Uptown,C082,New,P302,Personal Care,Soap Bar,3,1.5,Cash,0.0,Online
TXN-2025-0109,BILL-1025,2025-01-06,S1,Downtown,C057,New,P401,Groceries,Rice 5kg,3,8.5,Debit Card,0.0,Online
TXN-2025-0110,BILL-1025,2025-01-13,S2,Uptown,C014,Regular,P301,Personal Care,Shampoo 250ml,5,4.0,UPI,0.0,Online
TXN-2025-0111,BILL-1026,2025-01-27,S3,Suburban,C051,New,P101,Beverages,Orange Juice 1L,5,3.5,Cash,0.0,Online
TXN-2025-0112,BILL-1026,2025-01-25,S1,Downtown,C078,New,P201,Snacks,Potato Chips,2,1.2,UPI,0.0,In-store
TXN-2025-0113,BILL-1026,2025-01-21,S1,Downtown,C040,New,P101,Beverages,Orange Juice 1L,5,3.5,UPI,0.59,In-store
TXN-2025-0114,BILL-1026,2025-01-06,S1,Downtown,C017,Loyal,P203,Snacks,Cookies Pack,5,3.0,UPI,0.0,In-store
TXN-2025-0115,BILL-1026,2025-01-16,S2,Uptown,C096,New,P102,Beverages,Green Tea,4,2.8,Cash,0.0,In-store
TXN-2025-0116,BILL-1027,2025-01-22,S3,Suburban,C087,New,P303,Personal Care,Toothpaste,3,2.2,Cash,1.07,Online
TXN-2025-0117,BILL-1027,2025-01-22,S3,Suburban,C087,New,P401,Groceries,Rice 5kg,4,8.5,UPI,0.0,In-store
TXN-2025-0118,BILL-1027,2025-01-20,S3,Suburban,C042,Loyal,P201,Snacks,Potato Chips,1,1.2,Debit Card,0.0,Online
TXN-2025-0119,BILL-1028,2025-01-02,S1,Downtown,C039,New,P102,Beverages,Green Tea,1,2.8,Credit Card,0.0,In-store
TXN-2025-0120,BILL-1028,2025-01-31,S3,Suburban,C090,Loyal,P301,Personal Care,Shampoo 250ml,5,4.0,Credit Card,0.0,Online
TXN-2025-0121,BILL-1028,2025-01-20,S2,Uptown,C036,Regular,P203,Snacks,Cookies Pack,2,3.0,Debit Card,0.0,Online
TXN-2025-0122,BILL-1028,2025-01-04,S3,Suburban,C048,Loyal,P402,Groceries,Wheat Flour 2kg,3,5.0,Cash,0.0,Online
TXN-2025-0123,BILL-1028,2025-01-31,S2,Uptown,C012,Loyal,P201,Snacks,Potato Chips,5,1.2,Cash,0.0,In-store
TXN-2025-0124,BILL-1029,2025-01-05,S3,Suburban,C027,Regular,P303,Personal Care,Toothpaste,2,2.2,Credit Card,0.0,In-store
TXN-2025-0125,BILL-1030,2025-01-29,S3,Suburban,C001,New,P103,Beverages,Cola 2L,2,4.0,UPI,1.73,In-store
TXN-2025-0126,BILL-1031,2025-01-12,S1,Downtown,C076,New,P101,Beverages,Orange Juice 1L,2,3.5,UPI,0.84,In-store
TXN-2025-0127,BILL-1032,2025-01-03,S2,Uptown,C058,New,P303,Personal Care,Toothpaste,5,2.2,Cash,0.0,Online
TXN-2025-0128,BILL-1032,2025-01-02,S3,Suburban,C085,Loyal,P202,Snacks,Chocolate Bar,4,2.5,Cash,0.0,In-store
TXN-2025-0129,BILL-1032,2025-01-14,S3,Suburban,C014,New,P302,Personal Care,Soap Bar,1,1.5,Cash,0.0,Online
TXN-2025-0130,BILL-1033,2025-01-09,S3,Suburban,C082,Loyal,P303,Personal Care,Toothpaste,3,2.2,Debit Card,0.0,Online
TXN-2025-0131,BILL-1033,2025-01-04,S3,Suburban,C015,Loyal,P402,Groceries,Wheat Flour 2kg,5,5.0,Credit Card,0.0,Online
TXN-2025-0132,BILL-1034,2025-01-11,S2,Uptown,C052,New,P102,Beverages,Green Tea,3,2.8,Debit Card,0.0,Online
TXN-2025-0133,BILL-1034,2025-01-05,S3,Suburban,C061,Regular,P102,Beverages,Green Tea,1,2.8,Cash,1.48,Online
TXN-2025-0134,BILL-1034,2025-01-18,S1,Downtown,C076,Loyal,P303,Personal Care,Toothpaste,3,2.2,Cash,0.0,Online
TXN-2025-0135,BILL-1034,2025-01-25,S2,Uptown,C093,Regular,P202,Snacks,Chocolate Bar,5,2.5,UPI,1.01,Online
TXN-2025-0136,BILL-1035,2025-01-16,S1,Downtown,C014,New,P303,Personal Care,Toothpaste,3,2.2,Cash,0.0,Online
TXN-2025-0137,BILL-1035,2025-01-28,S3,Suburban,C099,Loyal,P401,Groceries,Rice 5kg,5,8.5,Cash,0.55,Online
TXN-2025-0138,BILL-1035,2025-01-30,S2,Uptown,C045,Regular,P103,Beverages,Cola 2L,2,4.0,Debit Card,1.27,In-store
TXN-2025-0139,BILL-1036,2025-01-24,S3,Suburban,C028,New,P301,Personal Care,Shampoo 250ml,4,4.0,UPI,0.0,In-store
TXN-2025-0140,BILL-1036,2025-01-25,S3,Suburban,C077,Regular,P101,Beverages,Orange Juice 1L,2,3.5,Credit Card,0.0,In-store
TXN-2025-0141,BILL-1037,2025-01-22,S2,Uptown,C063,Loyal,P302,Personal Care,Soap Bar,4,1.5,UPI,0.0,In-store
TXN-2025-0142,BILL-1038,2025-01-14,S1,Downtown,C037,Loyal,P402,Groceries,Wheat Flour 2kg,5,5.0,Debit Card,0.79,Online
TXN-2025-0143,BILL-1038,2025-01-01,S1,Downtown,C039,Regular,P103,Beverages,Cola 2L,3,4.0,UPI,0.99,Online
TXN-2025-0144,BILL-1038,2025-01-05,S2,Uptown,C069,Loyal,P201,Snacks,Potato Chips,5,1.2,UPI,0.0,In-store
TXN-2025-0145,BILL-1038,2025-01-14,S1,Downtown,C059,Regular,P203,Snacks,Cookies Pack,5,3.0,Debit Card,0.0,Online
TXN-2025-0146,BILL-1038,2025-01-04,S2,Uptown,C003,New,P103,Beverages,Cola 2L,5,4.0,Debit Card,1.69,Online
TXN-2025-0147,BILL-1039,2025-01-19,S2,Uptown,C068,Regular,P301,Personal Care,Shampoo 250ml,3,4.0,UPI,0.0,In-store
TXN-2025-0148,BILL-1040,2025-01-17,S3,Suburban,C015,Loyal,P303,Personal Care,Toothpaste,2,2.2,UPI,0.0,Online
TXN-2025-0149,BILL-1040,2025-01-27,S1,Downtown,C031,Regular,P103,Beverages,Cola 2L,3,4.0,Credit Card,0.0,In-store
TXN-2025-0150,BILL-1040,2025-01-21,S1,Downtown,C023,Loyal,P302,Personal Care,Soap Bar,4,1.5,Debit Card,0.0,Online
TXN-2025-0151,BILL-1040,2025-01-05,S2,Uptown,C009,New,P302,Personal Care,Soap Bar,3,1.5,UPI,0.0,In-store
TXN-2025-0152,BILL-1041,2025-01-15,S2,Uptown,C005,Regular,P203,Snacks,Cookies Pack,3,3.0,Cash,0.0,In-store
TXN-2025-0153,BILL-1041,2025-01-15,S3,Suburban,C071,Loyal,P101,Beverages,Orange Juice 1L,4,3.5,Credit Card,0.0,Online
TXN-2025-0154,BILL-1041,2025-01-31,S1,Downtown,C058,Regular,P203,Snacks,Cookies Pack,1,3.0,Credit Card,0.0,In-store
TXN-2025-0155,BILL-1041,2025-01-15,S3,Suburban,C067,Loyal,P103,Beverages,Cola 2L,3,4.0,UPI,0.0,Online
TXN-2025-0156,BILL-1041,2025-01-22,S3,Suburban,C007,Loyal,P402,Groceries,Wheat Flour 2kg,3,5.0,Cash,1.36,Online
TXN-2025-0157,BILL-1042,2025-01-24,S3,Suburban,C078,Regular,P203,Snacks,Cookies Pack,1,3.0,Credit Card,0.0,Online
TXN-2025-0158,BILL-1042,2025-01-22,S2,Uptown,C017,Loyal,P102,Beverages,Green Tea,3,2.8,Debit Card,0.0,Online
TXN-2025-0159,BILL-1042,2025-01-27,S3,Suburban,C088,Loyal,P102,Beverages,Green Tea,4,2.8,UPI,0.0,In-store
TXN-2025-0160,BILL-1043,2025-01-07,S2,Uptown,C099,New,P201,Snacks,Potato Chips,2,1.2,Credit Card,1.69,In-store
TXN-2025-0161,BILL-1044,2025-01-25,S3,Suburban,C095,Loyal,P101,Beverages,Orange Juice 1L,3,3.5,Credit Card,0.36,Online
TXN-2025-0162,BILL-1044,2025-01-20,S1,Downtown,C093,New,P101,Beverages,Orange Juice 1L,4,3.5,UPI,0.0,In-store
TXN-2025-0163,BILL-1044,2025-01-25,S3,Suburban,C058,Regular,P303,Personal Care,Toothpaste,2,2.2,UPI,0.0,Online
TXN-2025-0164,BILL-1045,2025-01-22,S3,Suburban,C057,New,P202,Snacks,Chocolate Bar,4,2.5,Debit Card,0.0,In-store
TXN-2025-0165,BILL-1045,2025-01-05,S2,Uptown,C007,Loyal,P302,Personal Care,Soap Bar,3,1.5,Cash,0.0,In-store
TXN-2025-0166,BILL-1045,2025-01-09,S2,Uptown,C066,Regular,P301,Personal Care,Shampoo 250ml,1,4.0,Credit Card,0.0,Online
TXN-2025-0167,BILL-1045,2025-01-14,S1,Downtown,C051,Loyal,P203,Snacks,Cookies Pack,2,3.0,Debit Card,0.0,In-store
TXN-2025-0168,BILL-1046,2025-01-30,S1,Downtown,C092,Loyal,P203,Snacks,Cookies Pack,2,3.0,Credit Card,0.0,In-store
TXN-2025-0169,BILL-1046,2025-01-23,S1,Downtown,C098,Loyal,P302,Personal Care,Soap Bar,4,1.5,Cash,0.43,In-store
TXN-2025-0170,BILL-1047,2025-01-31,S3,Suburban,C078,Loyal,P301,Personal Care,Shampoo 250ml,1,4.0,UPI,0.0,In-store
TXN-2025-0171,BILL-1048,2025-01-14,S3,Suburban,C080,New,P102,Beverages,Green Tea,1,2.8,Debit Card,0.0,In-store
TXN-2025-0172,BILL-1048,2025-01-23,S1,Downtown,C038,New,P101,Beverages,Orange Juice 1L,5,3.5,UPI,0.0,In-store
TXN-2025-0173,BILL-1049,2025-01-22,S1,Downtown,C068,New,P102,Beverages,Green Tea,5,2.8,Cash,0.0,Online
TXN-2025-0174,BILL-1050,2025-01-13,S2,Uptown,C033,Loyal,P101,Beverages,Orange Juice 1L,3,3.5,Cash,0.0,Online
TXN-2025-0175,BILL-1050,2025-01-04,S3,Suburban,C095,New,P103,Beverages,Cola 2L,1,4.0,UPI,0.0,Online
TXN-2025-0176,BILL-1051,2025-01-25,S3,Suburban,C060,Loyal,P302,Personal Care,Soap Bar,2,1.5,Credit Card,0.0,In-store
TXN-2025-0177,BILL-1051,2025-01-02,S2,Uptown,C026,Regular,P201,Snacks,Potato Chips,1,1.2,UPI,0.0,Online
TXN-2025-0178,BILL-1051,2025-01-18,S2,Uptown,C033,Regular,P402,Groceries,Wheat Flour 2kg,2,5.0,UPI,0.0,Online
TXN-2025-0179,BILL-1052,2025-01-21,S2,Uptown,C035,Regular,P203,Snacks,Cookies Pack,4,3.0,Debit Card,0.0,Online
TXN-2025-0180,BILL-1052,2025-01-06,S2,Uptown,C089,New,P203,Snacks,Cookies Pack,5,3.0,UPI,0.0,In-store
TXN-2025-0181,BILL-1053,2025-01-20,S1,Downtown,C070,New,P203,Snacks,Cookies Pack,1,3.0,Cash,0.0,Online
TXN-2025-0182,BILL-1053,2025-01-20,S3,Suburban,C055,Regular,P302,Personal Care,Soap Bar,3,1.5,Debit Card,0.0,In-store
TXN-2025-0183,BILL-1053,2025-01-20,S2,Uptown,C036,Loyal,P101,Beverages,Orange Juice 1L,1,3.5,Debit Card,0.0,Online
TXN-2025-0184,BILL-1053,2025-01-06,S1,Downtown,C019,Loyal,P402,Groceries,Wheat Flour 2kg,4,5.0,Cash,1.56,In-store
TXN-2025-0185,BILL-1053,2025-01-13,S3,Suburban,C005,Loyal,P103,Beverages,Cola 2L,4,4.0,UPI,0.0,Online
TXN-2025-0186,BILL-1054,2025-01-05,S3,Suburban,C047,New,P203,Snacks,Cookies Pack,3,3.0,Credit Card,0.37,In-store
TXN-2025-0187,BILL-1054,2025-01-30,S3,Suburban,C016,New,P202,Snacks,Chocolate Bar,4,2.5,Credit Card,0.0,Online
TXN-2025-0188,BILL-1054,2025-01-07,S1,Downtown,C018,Regular,P302,Personal Care,Soap Bar,2,1.5,Debit Card,0.0,In-store
TXN-2025-0189,BILL-1054,2025-01-11,S3,Suburban,C045,Loyal,P102,Beverages,Green Tea,5,2.8,UPI,0.0,Online
TXN-2025-0190,BILL-1054,2025-01-30,S3,Suburban,C082,Regular,P203,Snacks,Cookies Pack,5,3.0,Credit Card,0.0,In-store
TXN-2025-0191,BILL-1054,2025-01-08,S2,Uptown,C004,New,P303,Personal Care,Toothpaste,5,2.2,UPI,0.0,Online
TXN-2025-0192,BILL-1054,2025-01-20,S1,Downtown,C009,New,P301,Personal Care,Shampoo 250ml,4,4.0,Debit Card,0.0,Online
TXN-2025-0193,BILL-1055,2025-01-11,S3,Suburban,C010,New,P302,Personal Care,Soap Bar,5,1.5,UPI,0.0,In-store
TXN-2025-0194,BILL-1055,2025-01-21,S3,Suburban,C024,Regular,P301,Personal Care,Shampoo 250ml,5,4.0,Cash,0.0,In-store
TXN-2025-0195,BILL-1055,2025-01-06,S2,Uptown,C091,Regular,P203,Snacks,Cookies Pack,5,3.0,UPI,0.0,In-store
TXN-2025-0196,BILL-1055,2025-01-18,S2,Uptown,C017,Loyal,P202,Snacks,Chocolate Bar,5,2.5,Cash,0.0,In-store
TXN-2025-0197,BILL-1055,2025-01-06,S3,Suburban,C080,Loyal,P401,Groceries,Rice 5kg,3,8.5,Cash,1.9,In-store
TXN-2025-0198,BILL-1055,2025-01-09,S3,Suburban,C027,Loyal,P301,Personal Care,Shampoo 250ml,5,4.0,Cash,0.0,Online
TXN-2025-0199,BILL-1055,2025-01-21,S2,Uptown,C062,Regular,P402,Groceries,Wheat Flour 2kg,4,5.0,UPI,0.12,Online
TXN-2025-0200,BILL-1055,2025-01-16,S2,Uptown,C027,New,P401,Groceries,Rice 5kg,2,8.5,UPI,0.0,Online
TXN-2025-0201,BILL-1055,2025-01-13,S1,Downtown,C098,New,P303,Personal Care,Toothpaste,5,2.2,Cash,0.0,Online
TXN-2025-0202,BILL-1056,2025-01-15,S1,Downtown,C019,Regular,P101,Beverages,Orange Juice 1L,3,3.5,Debit Card,0.0,Online
TXN-2025-0203,BILL-1056,2025-01-06,S2,Uptown,C074,Loyal,P203,Snacks,Cookies Pack,2,3.0,Credit Card,0.0,Online
TXN-2025-0204,BILL-1056,2025-01-29,S2,Uptown,C064,Regular,P102,Beverages,Green Tea,4,2.8,Debit Card,0.0,In-store
TXN-2025-0205,BILL-1056,2025-01-02,S2,Uptown,C064,Loyal,P402,Groceries,Wheat Flour 2kg,4,5.0,UPI,0.0,In-store
TXN-2025-0206,BILL-1056,2025-01-29,S2,Uptown,C094,New,P301,Personal Care,Shampoo 250ml,3,4.0,Cash,1.12,Online
TXN-2025-0207,BILL-1056,2025-01-10,S1,Downtown,C050,Loyal,P302,Personal Care,Soap Bar,5,1.5,UPI,0.19,In-store
TXN-2025-0208,BILL-1056,2025-01-11,S3,Suburban,C047,Regular,P201,Snacks,Potato Chips,5,1.2,Debit Card,0.27,In-store
TXN-2025-0209,BILL-1056,2025-01-16,S3,Suburban,C059,Regular,P401,Groceries,Rice 5kg,5,8.5,Credit Card,0.0,Online
TXN-2025-0210,BILL-1056,2025-01-13,S3,Suburban,C095,New,P401,Groceries,Rice 5kg,3,8.5,Debit Card,0.0,Online
TXN-2025-0211,BILL-1057,2025-01-11,S3,Suburban,C015,New,P401,Groceries,Rice 5kg,3,8.5,Cash,0.0,Online
TXN-2025-0212,BILL-1057,2025-01-25,S3,Suburban,C074,Regular,P101,Beverages,Orange Juice 1L,5,3.5,Debit Card,0.0,In-store
TXN-2025-0213,BILL-1057,2025-01-25,S2,Uptown,C019,Loyal,P201,Snacks,Potato Chips,1,1.2,Cash,0.63,In-store
TXN-2025-0214,BILL-1058,2025-01-23,S1,Downtown,C053,Loyal,P401,Groceries,Rice 5kg,4,8.5,Cash,0.0,In-store
TXN-2025-0215,BILL-1058,2025-01-22,S2,Uptown,C068,New,P203,Snacks,Cookies Pack,2,3.0,Debit Card,0.0,Online
TXN-2025-0216,BILL-1058,2025-01-28,S3,Suburban,C088,Loyal,P202,Snacks,Chocolate Bar,5,2.5,Debit Card,0.0,In-store
TXN-2025-0217,BILL-1059,2025-01-10,S1,Downtown,C039,New,P201,Snacks,Potato Chips,4,1.2,UPI,0.0,Online
TXN-2025-0218,BILL-1059,2025-01-26,S3,Suburban,C036,New,P102,Beverages,Green Tea,5,2.8,Debit Card,0.0,Online
TXN-2025-0219,BILL-1059,2025-01-26,S1,Downtown,C038,Regular,P202,Snacks,Chocolate Bar,1,2.5,UPI,0.0,Online
TXN-2025-0220,BILL-1059,2025-01-07,S1,Downtown,C069,New,P303,Personal Care,Toothpaste,3,2.2,Credit Card,0.0,In-store
TXN-2025-0221,BILL-1059,2025-01-08,S1,Downtown,C086,Loyal,P201,Snacks,Potato Chips,2,1.2,Cash,0.0,In-store
TXN-2025-0222,BILL-1059,2025-01-04,S3,Suburban,C099,Regular,P101,Beverages,Orange Juice 1L,5,3.5,Credit Card,0.0,Online
TXN-2025-0223,BILL-1059,2025-01-16,S2,Uptown,C084,Regular,P202,Snacks,Chocolate Bar,3,2.5,UPI,0.0,In-store
TXN-2025-0224,BILL-1060,2025-01-19,S1,Downtown,C069,Loyal,P101,Beverages,Orange Juice 1L,2,3.5,Debit Card,0.0,In-store
TXN-2025-0225,BILL-1061,2025-01-27,S2,Uptown,C064,Regular,P202,Snacks,Chocolate Bar,1,2.5,Cash,0.0,Online
TXN-2025-0226,BILL-1062,2025-01-11,S2,Uptown,C059,Loyal,P303,Personal Care,Toothpaste,5,2.2,Debit Card,0.0,In-store
TXN-2025-0227,BILL-1062,2025-01-07,S1,Downtown,C043,Regular,P302,Personal Care,Soap Bar,3,1.5,Credit Card,0.0,In-store
TXN-2025-0228,BILL-1062,2025-01-19,S3,Suburban,C097,Regular,P103,Beverages,Cola 2L,5,4.0,Debit Card,0.0,Online
TXN-2025-0229,BILL-1063,2025-01-22,S1,Downtown,C024,Regular,P302,Personal Care,Soap Bar,3,1.5,Credit Card,0.0,In-store
TXN-2025-0230,BILL-1064,2025-01-25,S2,Uptown,C043,New,P401,Groceries,Rice 5kg,5,8.5,Cash,0.0,Online
TXN-2025-0231,BILL-1064,2025-01-02,S3,Suburban,C016,New,P202,Snacks,Chocolate Bar,2,2.5,Debit Card,0.0,Online
TXN-2025-0232,BILL-1064,2025-01-31,S2,Uptown,C048,Loyal,P201,Snacks,Potato Chips,2,1.2,Credit Card,1.5,Online
TXN-2025-0233,BILL-1064,2025-01-14,S3,Suburban,C071,New,P303,Personal Care,Toothpaste,2,2.2,Credit Card,0.0,In-store
TXN-2025-0234,BILL-1064,2025-01-12,S1,Downtown,C073,Regular,P101,Beverages,Orange Juice 1L,5,3.5,Credit Card,1.71,In-store
TXN-2025-0235,BILL-1064,2025-01-22,S1,Downtown,C092,Loyal,P302,Personal Care,Soap Bar,1,1.5,Debit Card,0.0,In-store
TXN-2025-0236,BILL-1064,2025-01-15,S3,Suburban,C008,Loyal,P302,Personal Care,Soap Bar,3,1.5,Cash,0.0,Online
TXN-2025-0237,BILL-1065,2025-01-07,S3,Suburban,C010,Regular,P301,Personal Care,Shampoo 250ml,3,4.0,Cash,0.0,In-store
TXN-2025-0238,BILL-1066,2025-01-30,S2,Uptown,C005,New,P301,Personal Care,Shampoo 250ml,2,4.0,Credit Card,0.0,Online
TXN-2025-0239,BILL-1066,2025-01-15,S2,Uptown,C049,Regular,P402,Groceries,Wheat Flour 2kg,5,5.0,Credit Card,1.99,Online
TXN-2025-0240,BILL-1066,2025-01-05,S3,Suburban,C029,Regular,P101,Beverages,Orange Juice 1L,3,3.5,Debit Card,0.0,Online
TXN-2025-0241,BILL-1066,2025-01-08,S2,Uptown,C045,Regular,P202,Snacks,Chocolate Bar,2,2.5,Cash,0.0,In-store
TXN-2025-0242,BILL-1066,2025-01-25,S1,Downtown,C031,Regular,P102,Beverages,Green Tea,1,2.8,Cash,0.0,Online
TXN-2025-0243,BILL-1066,2025-01-02,S1,Downtown,C095,Regular,P301,Personal Care,Shampoo 250ml,4,4.0,Credit Card,0.0,In-store
TXN-2025-0244,BILL-1066,2025-01-05,S3,Suburban,C038,Regular,P401,Groceries,Rice 5kg,3,8.5,UPI,0.0,In-store
TXN-2025-0245,BILL-1067,2025-01-22,S3,Suburban,C029,New,P202,Snacks,Chocolate Bar,3,2.5,Cash,0.0,In-store
TXN-2025-0246,BILL-1067,2025-01-16,S1,Downtown,C045,Loyal,P402,Groceries,Wheat Flour 2kg,4,5.0,UPI,0.0,Online
TXN-2025-0247,BILL-1068,2025-01-06,S3,Suburban,C061,Regular,P201,Snacks,Potato Chips,3,1.2,Credit Card,0.0,Online
TXN-2025-0248,BILL-1068,2025-01-31,S2,Uptown,C072,Loyal,P103,Beverages,Cola 2L,4,4.0,Credit Card,0.0,Online
TXN-2025-0249,BILL-1068,2025-01-30,S2,Uptown,C048,Regular,P303,Personal Care,Toothpaste,2,2.2,Cash,0.0,Online
TXN-2025-0250,BILL-1068,2025-01-02,S1,Downtown,C025,Loyal,P402,Groceries,Wheat Flour 2kg,5,5.0,Credit Card,0.0,Online
TXN-2025-0251,BILL-1068,2025-01-10,S1,Downtown,C028,Regular,P102,Beverages,Green Tea,4,2.8,Credit Card,0.0,In-store
TXN-2025-0252,BILL-1069,2025-01-11,S2,Uptown,C049,New,P303,Personal Care,Toothpaste,3,2.2,UPI,0.0,Online
TXN-2025-0253,BILL-1069,2025-01-15,S1,Downtown,C093,New,P203,Snacks,Cookies Pack,2,3.0,UPI,0.0,Online
TXN-2025-0254,BILL-1069,2025-01-08,S3,Suburban,C019,Regular,P202,Snacks,Chocolate Bar,5,2.5,Debit Card,0.66,Online
TXN-2025-0255,BILL-1069,2025-01-27,S1,Downtown,C064,Loyal,P402,Groceries,Wheat Flour 2kg,3,5.0,UPI,0.0,Online
TXN-2025-0256,BILL-1069,2025-01-16,S2,Uptown,C022,Loyal,P203,Snacks,Cookies Pack,2,3.0,Credit Card,1.78,Online
TXN-2025-0257,BILL-1069,2025-01-31,S1,Downtown,C068,Regular,P102,Beverages,Green Tea,1,2.8,Cash,1.26,Online
TXN-2025-0258,BILL-1070,2025-01-05,S1,Downtown,C028,Loyal,P302,Personal Care,Soap Bar,3,1.5,Cash,0.0,Online
TXN-2025-0259,BILL-1071,2025-01-18,S3,Suburban,C053,Regular,P101,Beverages,Orange Juice 1L,5,3.5,UPI,1.63,Online
TXN-2025-0260,BILL-1071,2025-01-26,S1,Downtown,C014,Regular,P303,Personal Care,Toothpaste,2,2.2,Credit Card,0.0,In-store
TXN-2025-0261,BILL-1072,2025-01-12,S2,Uptown,C051,Regular,P203,Snacks,Cookies Pack,4,3.0,Debit Card,0.0,In-store
TXN-2025-0262,BILL-1073,2025-01-22,S1,Downtown,C084,Loyal,P101,Beverages,Orange Juice 1L,1,3.5,Debit Card,0.0,Online
TXN-2025-0263,BILL-1073,2025-01-21,S1,Downtown,C090,Regular,P102,Beverages,Green Tea,4,2.8,Debit Card,0.0,Online
TXN-2025-0264,BILL-1073,2025-01-04,S3,Suburban,C006,Regular,P201,Snacks,Potato Chips,5,1.2,Debit Card,0.15,Online
TXN-2025-0265,BILL-1073,2025-01-29,S3,Suburban,C073,Loyal,P101,Beverages,Orange Juice 1L,2,3.5,UPI,0.0,In-store
TXN-2025-0266,BILL-1073,2025-01-25,S3,Suburban,C051,Regular,P202,Snacks,Chocolate Bar,2,2.5,Credit Card,0.0,Online
TXN-2025-0267,BILL-1073,2025-01-13,S3,Suburban,C018,Loyal,P102,Beverages,Green Tea,5,2.8,UPI,0.46,In-store
TXN-2025-0268,BILL-1074,2025-01-20,S3,Suburban,C077,New,P203,Snacks,Cookies Pack,1,3.0,UPI,0.0,Online
TXN-2025-0269,BILL-1074,2025-01-31,S2,Uptown,C056,Regular,P402,Groceries,Wheat Flour 2kg,5,5.0,Debit Card,0.0,In-store
TXN-2025-0270,BILL-1075,2025-01-08,S3,Suburban,C010,Regular,P202,Snacks,Chocolate Bar,2,2.5,Debit Card,0.0,In-store
TXN-2025-0271,BILL-1075,2025-01-04,S1,Downtown,C001,New,P302,Personal Care,Soap Bar,3,1.5,UPI,0.37,In-store
TXN-2025-0272,BILL-1075,2025-01-18,S3,Suburban,C053,Regular,P101,Beverages,Orange Juice 1L,1,3.5,UPI,0.0,In-store
TXN-2025-0273,BILL-1075,2025-01-28,S2,Uptown,C002,New,P301,Personal Care,Shampoo 250ml,4,4.0,Cash,0.0,In-store
TXN-2025-0274,BILL-1076,2025-01-13,S1,Downtown,C018,New,P202,Snacks,Chocolate Bar,3,2.5,Debit Card,0.87,In-store
TXN-2025-0275,BILL-1076,2025-01-16,S1,Downtown,C047,New,P201,Snacks,Potato Chips,4,1.2,Credit Card,0.61,Online
TXN-2025-0276,BILL-1076,2025-01-11,S3,Suburban,C049,New,P302,Personal Care,Soap Bar,3,1.5,Debit Card,0.0,In-store
TXN-2025-0277,BILL-1076,2025-01-23,S1,Downtown,C062,New,P103,Beverages,Cola 2L,4,4.0,UPI,0.0,Online
TXN-2025-0278,BILL-1076,2025-01-31,S3,Suburban,C032,New,P301,Personal Care,Shampoo 250ml,3,4.0,Debit Card,1.13,Online
TXN-2025-0279,BILL-1076,2025-01-18,S1,Downtown,C088,Loyal,P101,Beverages,Orange Juice 1L,4,3.5,Credit Card,0.0,Online
TXN-2025-0280,BILL-1076,2025-01-03,S2,Uptown,C087,New,P103,Beverages,Cola 2L,3,4.0,Credit Card,0.0,Online
TXN-2025-0281,BILL-1076,2025-01-26,S2,Uptown,C010,New,P401,Groceries,Rice 5kg,4,8.5,Debit Card,0.0,Online
TXN-2025-0282,BILL-1076,2025-01-12,S3,Suburban,C069,Loyal,P402,Groceries,Wheat Flour 2kg,1,5.0,Cash,0.0,In-store
TXN-2025-0283,BILL-1076,2025-01-21,S3,Suburban,C006,Loyal,P402,Groceries,Wheat Flour 2kg,4,5.0,UPI,0.2,Online
TXN-2025-0284,BILL-1077,2025-01-24,S3,Suburban,C072,Loyal,P401,Groceries,Rice 5kg,2,8.5,Debit Card,0.0,Online
TXN-2025-0285,BILL-1077,2025-01-19,S3,Suburban,C065,Regular,P203,Snacks,Cookies Pack,1,3.0,Debit Card,0.0,In-store
TXN-2025-0286,BILL-1077,2025-01-03,S1,Downtown,C094,Regular,P203,Snacks,Cookies Pack,3,3.0,UPI,0.0,Online
TXN-2025-0287,BILL-1077,2025-01-12,S2,Uptown,C013,New,P302,Personal Care,Soap Bar,3,1.5,Cash,1.42,Online
TXN-2025-0288,BILL-1078,2025-01-11,S3,Suburban,C014,Loyal,P103,Beverages,Cola 2L,2,4.0,Credit Card,0.0,In-store
TXN-2025-0289,BILL-1078,2025-01-15,S1,Downtown,C052,Loyal,P103,Beverages,Cola 2L,2,4.0,Debit Card,1.23,Online
TXN-2025-0290,BILL-1079,2025-01-19,S2,Uptown,C050,Regular,P201,Snacks,Potato Chips,2,1.2,UPI,0.0,In-store
TXN-2025-0291,BILL-1079,2025-01-18,S1,Downtown,C047,New,P201,Snacks,Potato Chips,4,1.2,Cash,0.0,Online
TXN-2025-0292,BILL-1079,2025-01-31,S3,Suburban,C041,Loyal,P301,Personal Care,Shampoo 250ml,5,4.0,Debit Card,0.0,In-store
TXN-2025-0293,BILL-1079,2025-01-20,S1,Downtown,C087,Loyal,P202,Snacks,Chocolate Bar,5,2.5,Cash,0.0,In-store
TXN-2025-0294,BILL-1080,2025-01-04,S1,Downtown,C048,Loyal,P103,Beverages,Cola 2L,5,4.0,Debit Card,0.0,Online
TXN-2025-0295,BILL-1080,2025-01-14,S1,Downtown,C063,Loyal,P303,Personal Care,Toothpaste,2,2.2,Credit Card,0.0,Online
TXN-2025-0296,BILL-1081,2025-01-27,S2,Uptown,C080,Regular,P203,Snacks,Cookies Pack,1,3.0,Debit Card,0.77,In-store
TXN-2025-0297,BILL-1081,2025-01-21,S2,Uptown,C053,Loyal,P302,Personal Care,Soap Bar,4,1.5,Debit Card,1.13,Online
TXN-2025-0298,BILL-1081,2025-01-08,S2,Uptown,C005,New,P201,Snacks,Potato Chips,5,1.2,UPI,0.0,In-store
TXN-2025-0299,BILL-1081,2025-01-25,S2,Uptown,C071,Loyal,P102,Beverages,Green Tea,5,2.8,Cash,0.0,Online
TXN-2025-0300,BILL-1081,2025-01-12,S3,Suburban,C097,Regular,P302,Personal Care,Soap Bar,5,1.5,Credit Card,1.66,Online
TXN-2025-0301,BILL-1081,2025-01-10,S1,Downtown,C058,New,P203,Snacks,Cookies Pack,1,3.0,Debit Card,0.0,In-store
TXN-2025-0302,BILL-1082,2025-01-26,S3,Suburban,C076,Loyal,P203,Snacks,Cookies Pack,5,3.0,Debit Card,0.0,In-store
TXN-2025-0303,BILL-1082,2025-01-27,S1,Downtown,C008,Loyal,P203,Snacks,Cookies Pack,5,3.0,UPI,0.0,In-store
TXN-2025-0304,BILL-1082,2025-01-10,S3,Suburban,C035,Loyal,P402,Groceries,Wheat Flour 2kg,1,5.0,Credit Card,0.0,Online
TXN-2025-0305,BILL-1082,2025-01-28,S3,Suburban,C017,Loyal,P103,Beverages,Cola 2L,2,4.0,Credit Card,0.0,Online
TXN-2025-0306,BILL-1082,2025-01-22,S2,Uptown,C063,Regular,P401,Groceries,Rice 5kg,3,8.5,Debit Card,0.0,Online
TXN-2025-0307,BILL-1082,2025-01-29,S1,Downtown,C052,Loyal,P202,Snacks,Chocolate Bar,3,2.5,Debit Card,0.0,Online
TXN-2025-0308,BILL-1083,2025-01-25,S3,Suburban,C012,Loyal,P302,Personal Care,Soap Bar,3,1.5,Cash,0.0,Online
TXN-2025-0309,BILL-1083,2025-01-07,S2,Uptown,C035,New,P202,Snacks,Chocolate Bar,3,2.5,Credit Card,0.0,Online
TXN-2025-0310,BILL-1083,2025-01-25,S1,Downtown,C006,Regular,P402,Groceries,Wheat Flour 2kg,4,5.0,Cash,0.0,In-store
TXN-2025-0311,BILL-1084,2025-01-15,S1,Downtown,C055,Regular,P103,Beverages,Cola 2L,3,4.0,Credit Card,0.72,Online
TXN-2025-0312,BILL-1085,2025-01-22,S3,Suburban,C022,Regular,P301,Personal Care,Shampoo 250ml,3,4.0,Credit Card,0.0,Online
TXN-2025-0313,BILL-1085,2025-01-01,S1,Downtown,C062,Regular,P103,Beverages,Cola 2L,5,4.0,Credit Card,1.39,Online
TXN-2025-0314,BILL-1085,2025-01-28,S2,Uptown,C089,Regular,P302,Personal Care,Soap Bar,1,1.5,Credit Card,1.61,Online
TXN-2025-0315,BILL-1086,2025-01-12,S2,Uptown,C018,New,P103,Beverages,Cola 2L,2,4.0,Cash,0.0,In-store
TXN-2025-0316,BILL-1087,2025-01-12,S3,Suburban,C028,Loyal,P103,Beverages,Cola 2L,4,4.0,Debit Card,0.2,In-store
TXN-2025-0317,BILL-1087,2025-01-19,S3,Suburban,C050,New,P301,Personal Care,Shampoo 250ml,3,4.0,Credit Card,0.0,In-store
TXN-2025-0318,BILL-1088,2025-01-18,S3,Suburban,C077,Loyal,P401,Groceries,Rice 5kg,3,8.5,Cash,0.0,Online
TXN-2025-0319,BILL-1088,2025-01-07,S3,Suburban,C051,New,P402,Groceries,Wheat Flour 2kg,1,5.0,Credit Card,0.0,Online
TXN-2025-0320,BILL-1089,2025-01-21,S3,Suburban,C010,Loyal,P101,Beverages,Orange Juice 1L,3,3.5,UPI,0.0,In-store
TXN-2025-0321,BILL-1089,2025-01-14,S2,Uptown,C070,Loyal,P103,Beverages,Cola 2L,4,4.0,Cash,0.0,In-store
TXN-2025-0322,BILL-1090,2025-01-07,S1,Downtown,C008,New,P303,Personal Care,Toothpaste,3,2.2,Debit Card,0.0,Online
TXN-2025-0323,BILL-1091,2025-01-18,S3,Suburban,C079,Regular,P202,Snacks,Chocolate Bar,1,2.5,UPI,0.0,In-store
TXN-2025-0324,BILL-1092,2025-01-26,S1,Downtown,C069,New,P301,Personal Care,Shampoo 250ml,5,4.0,Cash,0.0,Online
TXN-2025-0325,BILL-1092,2025-01-28,S1,Downtown,C008,Regular,P102,Beverages,Green Tea,4,2.8,Cash,0.0,Online
TXN-2025-0326,BILL-1093,2025-01-22,S3,Suburban,C085,Loyal,P103,Beverages,Cola 2L,1,4.0,Cash,0.0,In-store
TXN-2025-0327,BILL-1094,2025-01-31,S2,Uptown,C067,Loyal,P202,Snacks,Chocolate Bar,2,2.5,UPI,0.0,In-store
TXN-2025-0328,BILL-1094,2025-01-24,S1,Downtown,C099,Regular,P203,Snacks,Cookies Pack,4,3.0,UPI,0.0,In-store
TXN-2025-0329,BILL-1094,2025-01-21,S1,Downtown,C064,New,P303,Personal Care,Toothpaste,3,2.2,Cash,0.0,Online
TXN-2025-0330,BILL-1095,2025-01-06,S2,Uptown,C099,Regular,P401,Groceries,Rice 5kg,1,8.5,Credit Card,1.73,In-store
TXN-2025-0331,BILL-1096,2025-01-16,S2,Uptown,C050,Regular,P103,Beverages,Cola 2L,1,4.0,Debit Card,0.0,In-store
TXN-2025-0332,BILL-1096,2025-01-24,S2,Uptown,C035,Regular,P401,Groceries,Rice 5kg,3,8.5,Cash,1.61,In-store
TXN-2025-0333,BILL-1096,2025-01-31,S2,Uptown,C009,New,P202,Snacks,Chocolate Bar,3,2.5,UPI,0.0,In-store
TXN-2025-0334,BILL-1097,2025-01-07,S2,Uptown,C073,New,P401,Groceries,Rice 5kg,2,8.5,Debit Card,0.0,Online
TXN-2025-0335,BILL-1097,2025-01-25,S1,Downtown,C094,Loyal,P201,Snacks,Potato Chips,2,1.2,Cash,1.08,Online
TXN-2025-0336,BILL-1097,2025-01-23,S1,Downtown,C043,Regular,P402,Groceries,Wheat Flour 2kg,4,5.0,UPI,0.0,In-store
TXN-2025-0337,BILL-1097,2025-01-14,S2,Uptown,C008,Regular,P202,Snacks,Chocolate Bar,1,2.5,Cash,0.0,In-store
TXN-2025-0338,BILL-1097,2025-01-23,S2,Uptown,C059,Loyal,P102,Beverages,Green Tea,5,2.8,Cash,0.0,In-store
TXN-2025-0339,BILL-1097,2025-01-19,S3,Suburban,C008,New,P402,Groceries,Wheat Flour 2kg,2,5.0,Credit Card,0.0,Online
TXN-2025-0340,BILL-1097,2025-01-26,S2,Uptown,C090,Loyal,P203,Snacks,Cookies Pack,3,3.0,Debit Card,0.0,Online
TXN-2025-0341,BILL-1097,2025-01-05,S3,Suburban,C014,Regular,P102,Beverages,Green Tea,2,2.8,Debit Card,0.0,Online
TXN-2025-0342,BILL-1098,2025-01-12,S1,Downtown,C058,New,P302,Personal Care,Soap Bar,3,1.5,Cash,1.37,In-store
TXN-2025-0343,BILL-1098,2025-01-23,S3,Suburban,C006,Regular,P203,Snacks,Cookies Pack,2,3.0,Cash,0.0,In-store
TXN-2025-0344,BILL-1098,2025-01-02,S3,Suburban,C039,New,P103,Beverages,Cola 2L,1,4.0,Debit Card,0.0,Online
TXN-2025-0345,BILL-1098,2025-01-04,S2,Uptown,C014,Regular,P102,Beverages,Green Tea,1,2.8,Cash,1.65,In-store
TXN-2025-0346,BILL-1098,2025-01-21,S3,Suburban,C011,Loyal,P401,Groceries,Rice 5kg,3,8.5,Cash,0.0,In-store
TXN-2025-0347,BILL-1099,2025-01-21,S2,Uptown,C017,Regular,P203,Snacks,Cookies Pack,1,3.0,Cash,1.85,Online
TXN-2025-0348,BILL-1099,2025-01-24,S2,Uptown,C064,Regular,P301,Personal Care,Shampoo 250ml,4,4.0,Credit Card,0.0,Online
TXN-2025-0349,BILL-1100,2025-01-09,S2,Uptown,C020,Regular,P401,Groceries,Rice 5kg,5,8.5,Credit Card,0.0,Online
TXN-2025-0350,BILL-1100,2025-01-16,S1,Downtown,C012,New,P301,Personal Care,Shampoo 250ml,2,4.0,Debit Card,0.0,In-store
TXN-2025-0351,BILL-1100,2025-01-08,S3,Suburban,C070,Regular,P301,Personal Care,Shampoo 250ml,3,4.0,Debit Card,0.0,Online
TXN-2025-0352,BILL-1100,2025-01-11,S2,Uptown,C035,Regular,P101,Beverages,Orange Juice 1L,3,3.5,Credit Card,0.0,In-store
TXN-2025-0353,BILL-1100,2025-01-02,S2,Uptown,C068,New,P401,Groceries,Rice 5kg,2,8.5,Credit Card,0.0,In-store
TXN-2025-0354,BILL-1101,2025-01-18,S3,Suburban,C008,Regular,P401,Groceries,Rice 5kg,4,8.5,UPI,1.19,In-store
TXN-2025-0355,BILL-1101,2025-01-23,S2,Uptown,C076,Regular,P203,Snacks,Cookies Pack,5,3.0,Credit Card,0.0,In-store
TXN-2025-0356,BILL-1101,2025-01-16,S3,Suburban,C040,Regular,P302,Personal Care,Soap Bar,1,1.5,Cash,0.0,In-store
TXN-2025-0357,BILL-1102,2025-01-17,S2,Uptown,C001,New,P401,Groceries,Rice 5kg,2,8.5,Credit Card,0.0,Online
TXN-2025-0358,BILL-1102,2025-01-28,S2,Uptown,C008,Regular,P103,Beverages,Cola 2L,5,4.0,Credit Card,0.0,In-store
TXN-2025-0359,BILL-1102,2025-01-31,S1,Downtown,C048,Loyal,P402,Groceries,Wheat Flour 2kg,4,5.0,Cash,0.0,Online
TXN-2025-0360,BILL-1103,2025-01-06,S3,Suburban,C056,Loyal,P302,Personal Care,Soap Bar,3,1.5,Credit Card,0.0,Online
TXN-2025-0361,BILL-1103,2025-01-06,S2,Uptown,C040,Loyal,P202,Snacks,Chocolate Bar,2,2.5,Credit Card,0.0,In-store
TXN-2025-0362,BILL-1103,2025-01-13,S3,Suburban,C005,Regular,P401,Groceries,Rice 5kg,3,8.5,Credit Card,0.0,In-store
TXN-2025-0363,BILL-1104,2025-01-24,S1,Downtown,C031,New,P203,Snacks,Cookies Pack,2,3.0,Cash,0.0,Online
TXN-2025-0364,BILL-1105,2025-01-08,S3,Suburban,C009,New,P202,Snacks,Chocolate Bar,1,2.5,Cash,0.0,In-store
TXN-2025-0365,BILL-1105,2025-01-06,S2,Uptown,C064,New,P203,Snacks,Cookies Pack,5,3.0,Debit Card,0.0,In-store
TXN-2025-0366,BILL-1105,2025-01-19,S3,Suburban,C098,Loyal,P201,Snacks,Potato Chips,2,1.2,Debit Card,0.0,In-store
TXN-2025-0367,BILL-1106,2025-01-01,S2,Uptown,C034,Regular,P102,Beverages,Green Tea,3,2.8,Credit Card,0.15,Online
TXN-2025-0368,BILL-1106,2025-01-03,S2,Uptown,C077,Loyal,P302,Personal Care,Soap Bar,1,1.5,Debit Card,0.0,In-store
TXN-2025-0369,BILL-1106,2025-01-02,S1,Downtown,C043,Regular,P201,Snacks,Potato Chips,4,1.2,UPI,0.0,Online
TXN-2025-0370,BILL-1107,2025-01-13,S3,Suburban,C071,New,P103,Beverages,Cola 2L,1,4.0,UPI,0.0,In-store
TXN-2025-0371,BILL-1108,2025-01-22,S3,Suburban,C077,New,P201,Snacks,Potato Chips,1,1.2,Cash,0.58,In-store
TXN-2025-0372,BILL-1109,2025-01-28,S1,Downtown,C040,New,P302,Personal Care,Soap Bar,4,1.5,UPI,0.0,In-store
TXN-2025-0373,BILL-1109,2025-01-12,S2,Uptown,C048,Regular,P302,Personal Care,Soap Bar,1,1.5,UPI,0.0,Online
TXN-2025-0374,BILL-1110,2025-01-09,S3,Suburban,C008,Regular,P402,Groceries,Wheat Flour 2kg,1,5.0,Cash,0.0,Online
TXN-2025-0375,BILL-1110,2025-01-25,S3,Suburban,C030,Loyal,P101,Beverages,Orange Juice 1L,4,3.5,Debit Card,0.0,Online
TXN-2025-0376,BILL-1111,2025-01-10,S1,Downtown,C051,Loyal,P101,Beverages,Orange Juice 1L,5,3.5,Credit Card,0.0,In-store
TXN-2025-0377,BILL-1111,2025-01-31,S1,Downtown,C028,Regular,P103,Beverages,Cola 2L,1,4.0,Debit Card,0.0,In-store
TXN-2025-0378,BILL-1111,2025-01-27,S3,Suburban,C019,Loyal,P202,Snacks,Chocolate Bar,3,2.5,Cash,0.0,In-store
TXN-2025-0379,BILL-1111,2025-01-11,S2,Uptown,C067,New,P101,Beverages,Orange Juice 1L,5,3.5,Debit Card,0.0,In-store
TXN-2025-0380,BILL-1112,2025-01-19,S3,Suburban,C098,Regular,P102,Beverages,Green Tea,5,2.8,Cash,0.0,Online
TXN-2025-0381,BILL-1112,2025-01-29,S2,Uptown,C034,New,P402,Groceries,Wheat Flour 2kg,4,5.0,Debit Card,0.81,In-store
TXN-2025-0382,BILL-1112,2025-01-22,S3,Suburban,C052,Regular,P301,Personal Care,Shampoo 250ml,3,4.0,Credit Card,0.0,In-store
TXN-2025-0383,BILL-1112,2025-01-29,S2,Uptown,C003,New,P202,Snacks,Chocolate Bar,3,2.5,UPI,0.0,Online
TXN-2025-0384,BILL-1112,2025-01-28,S1,Downtown,C018,New,P302,Personal Care,Soap Bar,3,1.5,UPI,0.0,Online
TXN-2025-0385,BILL-1113,2025-01-15,S1,Downtown,C053,Loyal,P302,Personal Care,Soap Bar,5,1.5,UPI,0.0,In-store
TXN-2025-0386,BILL-1114,2025-01-10,S3,Suburban,C065,New,P103,Beverages,Cola 2L,5,4.0,Cash,1.67,In-store
TXN-2025-0387,BILL-1114,2025-01-08,S1,Downtown,C059,Regular,P203,Snacks,Cookies Pack,2,3.0,UPI,0.0,Online
TXN-2025-0388,BILL-1114,2025-01-21,S1,Downtown,C088,Regular,P201,Snacks,Potato Chips,3,1.2,Debit Card,1.74,Online
TXN-2025-0389,BILL-1114,2025-01-12,S2,Uptown,C021,New,P102,Beverages,Green Tea,3,2.8,Cash,1.71,Online
TXN-2025-0390,BILL-1114,2025-01-07,S1,Downtown,C083,Regular,P402,Groceries,Wheat Flour 2kg,2,5.0,UPI,0.0,Online
TXN-2025-0391,BILL-1114,2025-01-31,S3,Suburban,C002,New,P103,Beverages,Cola 2L,2,4.0,Cash,0.0,In-store
TXN-2025-0392,BILL-1114,2025-01-10,S3,Suburban,C091,Loyal,P202,Snacks,Chocolate Bar,4,2.5,Debit Card,0.0,Online
TXN-2025-0393,BILL-1115,2025-01-10,S3,Suburban,C067,Loyal,P301,Personal Care,Shampoo 250ml,5,4.0,Cash,0.0,In-store
TXN-2025-0394,BILL-1115,2025-01-27,S2,Uptown,C072,Loyal,P401,Groceries,Rice 5kg,5,8.5,UPI,0.0,Online
TXN-2025-0395,BILL-1115,2025-01-11,S2,Uptown,C082,New,P202,Snacks,Chocolate Bar,3,2.5,UPI,1.53,In-store
TXN-2025-0396,BILL-1115,2025-01-26,S3,Suburban,C052,Loyal,P203,Snacks,Cookies Pack,2,3.0,Cash,0.0,Online
TXN-2025-0397,BILL-1116,2025-01-14,S2,Uptown,C050,Loyal,P101,Beverages,Orange Juice 1L,5,3.5,Credit Card,0.0,Online
TXN-2025-0398,BILL-1117,2025-01-18,S3,Suburban,C061,Loyal,P203,Snacks,Cookies Pack,5,3.0,UPI,0.0,In-store
TXN-2025-0399,BILL-1117,2025-01-06,S2,Uptown,C013,New,P103,Beverages,Cola 2L,3,4.0,Credit Card,0.0,Online
TXN-2025-0400,BILL-1118,2025-01-08,S3,Suburban,C040,New,P203,Snacks,Cookies Pack,3,3.0,UPI,0.0,Online
TXN-2025-0401,BILL-1119,2025-01-02,S3,Suburban,C075,Loyal,P401,Groceries,Rice 5kg,1,8.5,Debit Card,0.0,In-store
TXN-2025-0402,BILL-1119,2025-01-13,S3,Suburban,C039,New,P101,Beverages,Orange Juice 1L,2,3.5,Credit Card,0.0,In-store
TXN-2025-0403,BILL-1119,2025-01-29,S2,Uptown,C019,New,P103,Beverages,Cola 2L,1,4.0,Debit Card,0.0,Online
TXN-2025-0404,BILL-1120,2025-01-21,S1,Downtown,C001,New,P202,Snacks,Chocolate Bar,2,2.5,Credit Card,0.0,In-store
TXN-2025-0405,BILL-1120,2025-01-03,S1,Downtown,C079,New,P402,Groceries,Wheat Flour 2kg,4,5.0,Debit Card,0.0,Online
TXN-2025-0406,BILL-1120,2025-01-02,S3,Suburban,C026,Loyal,P203,Snacks,Cookies Pack,1,3.0,UPI,0.01,In-store
TXN-2025-0407,BILL-1120,2025-01-08,S3,Suburban,C045,New,P103,Beverages,Cola 2L,1,4.0,Debit Card,1.65,Online
TXN-2025-0408,BILL-1121,2025-01-10,S2,Uptown,C094,Loyal,P401,Groceries,Rice 5kg,5,8.5,UPI,0.0,Online
TXN-2025-0409,BILL-1121,2025-01-11,S2,Uptown,C046,Regular,P103,Beverages,Cola 2L,4,4.0,Cash,0.0,In-store
TXN-2025-0410,BILL-1121,2025-01-07,S3,Suburban,C003,Loyal,P303,Personal Care,Toothpaste,2,2.2,Cash,0.0,Online
TXN-2025-0411,BILL-1121,2025-01-13,S3,Suburban,C033,Loyal,P401,Groceries,Rice 5kg,1,8.5,Cash,0.0,In-store
TXN-2025-0412,BILL-1122,2025-01-23,S1,Downtown,C054,New,P301,Personal Care,Shampoo 250ml,1,4.0,UPI,0.0,Online
TXN-2025-0413,BILL-1123,2025-01-22,S3,Suburban,C002,New,P301,Personal Care,Shampoo 250ml,1,4.0,UPI,0.0,In-store
TXN-2025-0414,BILL-1123,2025-01-17,S3,Suburban,C080,Regular,P202,Snacks,Chocolate Bar,1,2.5,Cash,0.4,Online
TXN-2025-0415,BILL-1124,2025-01-17,S1,Downtown,C046,Loyal,P301,Personal Care,Shampoo 250ml,3,4.0,Credit Card,0.0,In-store
TXN-2025-0416,BILL-1124,2025-01-23,S2,Uptown,C043,Regular,P101,Beverages,Orange Juice 1L,1,3.5,Cash,0.0,In-store
TXN-2025-0417,BILL-1124,2025-01-05,S1,Downtown,C100,Loyal,P102,Beverages,Green Tea,1,2.8,UPI,0.0,In-store
TXN-2025-0418,BILL-1124,2025-01-09,S2,Uptown,C007,Regular,P103,Beverages,Cola 2L,1,4.0,UPI,0.0,Online
TXN-2025-0419,BILL-1124,2025-01-24,S1,Downtown,C013,Regular,P101,Beverages,Orange Juice 1L,2,3.5,Credit Card,0.0,Online
TXN-2025-0420,BILL-1124,2025-01-20,S2,Uptown,C094,Regular,P203,Snacks,Cookies Pack,3,3.0,Credit Card,0.0,In-store
TXN-2025-0421,BILL-1124,2025-01-09,S2,Uptown,C089,New,P301,Personal Care,Shampoo 250ml,2,4.0,Cash,0.0,In-store
TXN-2025-0422,BILL-1125,2025-01-31,S1,Downtown,C014,New,P401,Groceries,Rice 5kg,4,8.5,Debit Card,0.0,In-store
TXN-2025-0423,BILL-1125,2025-01-20,S1,Downtown,C088,Loyal,P103,Beverages,Cola 2L,4,4.0,Debit Card,0.0,In-store
TXN-2025-0424,BILL-1125,2025-01-03,S2,Uptown,C084,New,P101,Beverages,Orange Juice 1L,5,3.5,Credit Card,0.0,Online
TXN-2025-0425,BILL-1125,2025-01-20,S1,Downtown,C056,Loyal,P201,Snacks,Potato Chips,4,1.2,UPI,1.65,Online
TXN-2025-0426,BILL-1125,2025-01-20,S1,Downtown,C002,Loyal,P103,Beverages,Cola 2L,5,4.0,Debit Card,0.0,Online
TXN-2025-0427,BILL-1126,2025-01-16,S2,Uptown,C031,New,P202,Snacks,Chocolate Bar,1,2.5,Credit Card,0.0,Online
TXN-2025-0428,BILL-1127,2025-01-15,S2,Uptown,C074,New,P102,Beverages,Green Tea,4,2.8,Debit Card,0.99,Online
TXN-2025-0429,BILL-1127,2025-01-04,S2,Uptown,C053,Regular,P303,Personal Care,Toothpaste,5,2.2,Cash,0.0,In-store
TXN-2025-0430,BILL-1127,2025-01-21,S2,Uptown,C066,Loyal,P201,Snacks,Potato Chips,4,1.2,UPI,0.0,Online
TXN-2025-0431,BILL-1127,2025-01-28,S2,Uptown,C043,Loyal,P401,Groceries,Rice 5kg,5,8.5,Debit Card,0.0,Online
TXN-2025-0432,BILL-1128,2025-01-25,S3,Suburban,C029,Regular,P203,Snacks,Cookies Pack,3,3.0,UPI,0.0,Online
TXN-2025-0433,BILL-1129,2025-01-06,S2,Uptown,C018,Loyal,P301,Personal Care,Shampoo 250ml,1,4.0,UPI,1.86,In-store
TXN-2025-0434,BILL-1129,2025-01-15,S1,Downtown,C092,New,P102,Beverages,Green Tea,4,2.8,Cash,0.0,In-store
TXN-2025-0435,BILL-1129,2025-01-22,S3,Suburban,C065,Regular,P302,Personal Care,Soap Bar,1,1.5,Cash,0.0,Online
TXN-2025-0436,BILL-1129,2025-01-17,S1,Downtown,C089,Loyal,P103,Beverages,Cola 2L,2,4.0,Cash,0.0,Online
TXN-2025-0437,BILL-1129,2025-01-11,S3,Suburban,C050,New,P401,Groceries,Rice 5kg,2,8.5,UPI,0.0,Online
TXN-2025-0438,BILL-1129,2025-01-15,S1,Downtown,C018,New,P401,Groceries,Rice 5kg,5,8.5,UPI,0.0,Online
TXN-2025-0439,BILL-1129,2025-01-21,S1,Downtown,C026,Regular,P401,Groceries,Rice 5kg,3,8.5,UPI,0.0,In-store
TXN-2025-0440,BILL-1129,2025-01-31,S1,Downtown,C065,Loyal,P402,Groceries,Wheat Flour 2kg,3,5.0,Cash,0.0,Online
TXN-2025-0441,BILL-1129,2025-01-31,S3,Suburban,C091,New,P402,Groceries,Wheat Flour 2kg,5,5.0,UPI,0.0,Online
TXN-2025-0442,BILL-1129,2025-01-01,S2,Uptown,C019,Regular,P402,Groceries,Wheat Flour 2kg,1,5.0,Credit Card,0.0,Online
TXN-2025-0443,BILL-1130,2025-01-10,S3,Suburban,C033,Regular,P101,Beverages,Orange Juice 1L,3,3.5,Credit Card,0.0,In-store
TXN-2025-0444,BILL-1130,2025-01-20,S3,Suburban,C095,Loyal,P201,Snacks,Potato Chips,5,1.2,Debit Card,0.0,In-store
TXN-2025-0445,BILL-1130,2025-01-23,S2,Uptown,C089,Loyal,P101,Beverages,Orange Juice 1L,4,3.5,Debit Card,0.0,Online
TXN-2025-0446,BILL-1130,2025-01-11,S3,Suburban,C007,Regular,P202,Snacks,Chocolate Bar,2,2.5,Debit Card,0.0,In-store
TXN-2025-0447,BILL-1130,2025-01-21,S2,Uptown,C097,Loyal,P303,Personal Care,Toothpaste,5,2.2,Credit Card,0.0,In-store
TXN-2025-0448,BILL-1131,2025-01-22,S1,Downtown,C024,Regular,P303,Personal Care,Toothpaste,1,2.2,Debit Card,0.0,In-store
TXN-2025-0449,BILL-1131,2025-01-05,S1,Downtown,C075,New,P101,Beverages,Orange Juice 1L,3,3.5,Debit Card,1.86,In-store
TXN-2025-0450,BILL-1131,2025-01-25,S3,Suburban,C079,Loyal,P202,Snacks,Chocolate Bar,4,2.5,UPI,0.0,In-store
TXN-2025-0451,BILL-1131,2025-01-08,S1,Downtown,C067,Regular,P303,Personal Care,Toothpaste,2,2.2,Debit Card,0.44,Online
TXN-2025-0452,BILL-1132,2025-01-11,S2,Uptown,C047,New,P201,Snacks,Potato Chips,5,1.2,Debit Card,0.69,In-store
TXN-2025-0453,BILL-1133,2025-01-21,S3,Suburban,C080,Regular,P101,Beverages,Orange Juice 1L,3,3.5,Debit Card,0.0,In-store
TXN-2025-0454,BILL-1133,2025-01-10,S1,Downtown,C067,New,P303,Personal Care,Toothpaste,5,2.2,Debit Card,1.8,Online
TXN-2025-0455,BILL-1134,2025-01-17,S1,Downtown,C013,Regular,P303,Personal Care,Toothpaste,5,2.2,Cash,0.0,In-store
TXN-2025-0456,BILL-1134,2025-01-07,S3,Suburban,C055,Regular,P201,Snacks,Potato Chips,5,1.2,Debit Card,0.0,In-store
TXN-2025-0457,BILL-1135,2025-01-15,S3,Suburban,C043,Regular,P102,Beverages,Green Tea,1,2.8,Cash,0.0,In-store
TXN-2025-0458,BILL-1135,2025-01-19,S1,Downtown,C034,New,P301,Personal Care,Shampoo 250ml,4,4.0,Debit Card,0.0,Online
TXN-2025-0459,BILL-1135,2025-01-04,S3,Suburban,C001,Loyal,P401,Groceries,Rice 5kg,1,8.5,Cash,0.0,In-store
TXN-2025-0460,BILL-1135,2025-01-10,S3,Suburban,C039,Loyal,P102,Beverages,Green Tea,3,2.8,Debit Card,0.0,Online
TXN-2025-0461,BILL-1135,2025-01-16,S1,Downtown,C069,Regular,P103,Beverages,Cola 2L,4,4.0,UPI,0.0,In-store
TXN-2025-0462,BILL-1135,2025-01-31,S3,Suburban,C083,New,P101,Beverages,Orange Juice 1L,5,3.5,Credit Card,1.15,In-store
TXN-2025-0463,BILL-1135,2025-01-18,S1,Downtown,C040,Regular,P203,Snacks,Cookies Pack,2,3.0,Debit Card,0.44,In-store
TXN-2025-0464,BILL-1135,2025-01-07,S1,Downtown,C024,Loyal,P401,Groceries,Rice 5kg,1,8.5,Debit Card,0.0,In-store
TXN-2025-0465,BILL-1136,2025-01-04,S1,Downtown,C093,Loyal,P302,Personal Care,Soap Bar,3,1.5,UPI,0.0,In-store
TXN-2025-0466,BILL-1137,2025-01-10,S3,Suburban,C009,Regular,P203,Snacks,Cookies Pack,4,3.0,Debit Card,0.0,Online
TXN-2025-0467,BILL-1137,2025-01-19,S1,Downtown,C073,Loyal,P203,Snacks,Cookies Pack,3,3.0,Debit Card,0.49,In-store
TXN-2025-0468,BILL-1138,2025-01-24,S3,Suburban,C056,New,P203,Snacks,Cookies Pack,2,3.0,UPI,0.0,Online
TXN-2025-0469,BILL-1138,2025-01-10,S2,Uptown,C071,Regular,P103,Beverages,Cola 2L,5,4.0,Cash,0.0,Online
TXN-2025-0470,BILL-1139,2025-01-18,S1,Downtown,C034,Loyal,P402,Groceries,Wheat Flour 2kg,1,5.0,Cash,0.0,In-store
TXN-2025-0471,BILL-1139,2025-01-27,S3,Suburban,C075,New,P401,Groceries,Rice 5kg,2,8.5,Cash,0.0,Online
TXN-2025-0472,BILL-1139,2025-01-16,S3,Suburban,C100,Regular,P203,Snacks,Cookies Pack,4,3.0,Credit Card,1.0,Online
TXN-2025-0473,BILL-1140,2025-01-12,S3,Suburban,C002,Loyal,P201,Snacks,Potato Chips,5,1.2,Credit Card,0.0,In-store
TXN-2025-0474,BILL-1141,2025-01-31,S3,Suburban,C085,Regular,P302,Personal Care,Soap Bar,3,1.5,Cash,0.0,In-store
TXN-2025-0475,BILL-1142,2025-01-09,S2,Uptown,C030,Regular,P402,Groceries,Wheat Flour 2kg,2,5.0,UPI,0.0,Online
TXN-2025-0476,BILL-1142,2025-01-02,S1,Downtown,C084,New,P102,Beverages,Green Tea,5,2.8,UPI,0.0,Online
TXN-2025-0477,BILL-1142,2025-01-13,S3,Suburban,C049,New,P401,Groceries,Rice 5kg,1,8.5,UPI,0.0,Online
TXN-2025-0478,BILL-1143,2025-01-13,S2,Uptown,C045,New,P302,Personal Care,Soap Bar,5,1.5,Cash,0.0,In-store
TXN-2025-0479,BILL-1144,2025-01-17,S3,Suburban,C036,Regular,P103,Beverages,Cola 2L,2,4.0,Credit Card,0.0,Online
TXN-2025-0480,BILL-1144,2025-01-22,S1,Downtown,C054,New,P102,Beverages,Green Tea,4,2.8,Debit Card,0.0,Online
TXN-2025-0481,BILL-1145,2025-01-27,S2,Uptown,C003,Regular,P101,Beverages,Orange Juice 1L,2,3.5,Credit Card,0.0,In-store
TXN-2025-0482,BILL-1146,2025-01-19,S1,Downtown,C008,Regular,P202,Snacks,Chocolate Bar,2,2.5,Debit Card,0.0,In-store
TXN-2025-0483,BILL-1146,2025-01-27,S2,Uptown,C011,Regular,P302,Personal Care,Soap Bar,5,1.5,Debit Card,1.66,Online
TXN-2025-0484,BILL-1146,2025-01-26,S3,Suburban,C099,Regular,P401,Groceries,Rice 5kg,5,8.5,UPI,0.0,In-store
TXN-2025-0485,BILL-1146,2025-01-15,S3,Suburban,C076,Regular,P201,Snacks,Potato Chips,4,1.2,Debit Card,0.4,In-store
TXN-2025-0486,BILL-1146,2025-01-17,S3,Suburban,C054,Regular,P401,Groceries,Rice 5kg,1,8.5,Credit Card,0.0,Online
TXN-2025-0487,BILL-1146,2025-01-29,S3,Suburban,C065,Regular,P102,Beverages,Green Tea,4,2.8,Credit Card,0.0,In-store
TXN-2025-0488,BILL-1146,2025-01-21,S2,Uptown,C067,New,P203,Snacks,Cookies Pack,1,3.0,Debit Card,0.0,In-store
TXN-2025-0489,BILL-1146,2025-01-25,S2,Uptown,C045,Loyal,P401,Groceries,Rice 5kg,1,8.5,Debit Card,0.0,In-store
TXN-2025-0490,BILL-1146,2025-01-30,S1,Downtown,C037,Loyal,P303,Personal Care,Toothpaste,4,2.2,UPI,1.49,In-store
TXN-2025-0491,BILL-1147,2025-01-17,S1,Downtown,C067,Regular,P301,Personal Care,Shampoo 250ml,2,4.0,UPI,0.0,Online
TXN-2025-0492,BILL-1148,2025-01-21,S3,Suburban,C033,New,P303,Personal Care,Toothpaste,4,2.2,UPI,0.0,Online
TXN-2025-0493,BILL-1148,2025-01-07,S2,Uptown,C071,Loyal,P302,Personal Care,Soap Bar,2,1.5,UPI,0.0,Online
TXN-2025-0494,BILL-1148,2025-01-12,S3,Suburban,C051,Loyal,P103,Beverages,Cola 2L,1,4.0,Credit Card,0.0,Online
TXN-2025-0495,BILL-1148,2025-01-04,S1,Downtown,C066,New,P203,Snacks,Cookies Pack,5,3.0,Cash,0.0,In-store
TXN-2025-0496,BILL-1148,2025-01-26,S1,Downtown,C019,New,P401,Groceries,Rice 5kg,4,8.5,Cash,0.0,In-store
TXN-2025-0497,BILL-1148,2025-01-20,S1,Downtown,C093,New,P301,Personal Care,Shampoo 250ml,5,4.0,UPI,0.0,In-store
TXN-2025-0498,BILL-1148,2025-01-21,S2,Uptown,C057,Regular,P201,Snacks,Potato Chips,5,1.2,UPI,1.2,In-store
TXN-2025-0499,BILL-1148,2025-01-08,S3,Suburban,C022,Loyal,P101,Beverages,Orange Juice 1L,3,3.5,Credit Card,0.0,In-store
TXN-2025-0500,BILL-1149,2025-01-09,S2,Uptown,C046,Loyal,P301,Personal Care,Shampoo 250ml,4,4.0,Credit Card,0.0,In-store
